property_type,room_type,accommodates,total_stays,avg_revenue_per_active_listing,total_active_listings,months_with_data,stays_rank,revenue_rank
HOUSE,ENTIRE HOME/APT,9,1004.0,15214.89,56.0,1,1,61
HOUSE,PRIVATE ROOM,2,983.0,2141.83,40.0,1,2,389
ENTIRE APARTMENT,ENTIRE HOME/APT,3,893.0,4720.72,32.0,1,3,224
GUEST SUITE,PRIVATE ROOM,2,685.0,1619.31,72.0,1,4,446
PRIVATE ROOM IN GUEST SUITE,PRIVATE ROOM,2,682.0,1399.32,38.0,1,5,473
PRIVATE ROOM IN APARTMENT,PRIVATE ROOM,1,672.0,1236.24,29.0,1,6,496
TOWNHOUSE,ENTIRE HOME/APT,4,619.0,5699.69,36.0,1,7,182
APARTMENT,PRIVATE ROOM,2,611.0,1964.33,24.0,1,8,413
ENTIRE HOUSE,ENTIRE HOME/APT,3,582.0,3578.76,25.0,1,9,272
CONDOMINIUM,PRIVATE ROOM,2,582.0,670.9,59.0,1,10,583
GUESTHOUSE,ENTIRE HOME/APT,4,567.0,2043.03,37.0,1,11,400
APARTMENT,PRIVATE ROOM,3,554.0,821.25,64.0,1,12,563
TOWNHOUSE,ENTIRE HOME/APT,6,512.0,5500.56,39.0,1,13,188
CONDOMINIUM,ENTIRE HOME/APT,2,509.0,2635.52,29.0,1,14,336
APARTMENT,ENTIRE HOME/APT,8,488.0,3178.73,49.0,1,15,296
BOUTIQUE HOTEL,PRIVATE ROOM,2,474.0,1615.29,65.0,1,16,448
HOUSE,PRIVATE ROOM,1,471.0,1261.05,20.0,1,17,491
LOFT,ENTIRE HOME/APT,2,435.0,2564.46,24.0,1,18,344
VILLA,ENTIRE HOME/APT,8,422.0,48576.1,21.0,1,19,18
APARTMENT,ENTIRE HOME/APT,7,403.0,2617.18,34.0,1,20,339
APARTMENT,PRIVATE ROOM,4,395.0,1314.68,41.0,1,21,485
APARTMENT,PRIVATE ROOM,1,327.0,1839.27,11.0,1,22,420
CONDOMINIUM,ENTIRE HOME/APT,4,317.0,2607.0,22.0,1,23,340
ENTIRE COTTAGE,ENTIRE HOME/APT,2,316.0,5415.08,13.0,1,24,191
TOWNHOUSE,ENTIRE HOME/APT,8,308.0,6134.17,18.0,1,25,173
VILLA,PRIVATE ROOM,1,291.0,396.62,29.0,1,26,630
ENTIRE GUESTHOUSE,ENTIRE HOME/APT,2,290.0,2584.93,15.0,1,27,343
PRIVATE ROOM IN HOUSE,PRIVATE ROOM,1,288.0,968.35,17.0,1,28,543
HOUSE,ENTIRE HOME/APT,11,286.0,10923.13,16.0,1,29,90
CABIN,ENTIRE HOME/APT,2,282.0,2327.24,17.0,1,30,373
HOUSE,ENTIRE HOME/APT,3,256.0,3367.85,13.0,1,31,286
GUESTHOUSE,ENTIRE HOME/APT,3,251.0,1638.41,17.0,1,32,445
TOWNHOUSE,PRIVATE ROOM,3,238.0,705.74,23.0,1,33,576
LOFT,ENTIRE HOME/APT,4,229.0,2530.62,13.0,1,34,346
CONDOMINIUM,ENTIRE HOME/APT,6,223.0,3529.42,12.0,1,35,276
PRIVATE ROOM IN TOWNHOUSE,PRIVATE ROOM,3,205.0,1226.8,10.0,1,36,500
ENTIRE HOUSE,ENTIRE HOME/APT,7,204.0,13122.86,7.0,1,37,72
CONDOMINIUM,PRIVATE ROOM,1,200.0,539.68,22.0,1,38,606
ENTIRE APARTMENT,ENTIRE HOME/APT,2,197.0,2447.11,9.0,1,39,354
ENTIRE COTTAGE,ENTIRE HOME/APT,6,195.0,8250.63,8.0,1,41,127
HOTEL,PRIVATE ROOM,2,195.0,840.03,38.0,1,40,558
ENTIRE CONDOMINIUM,ENTIRE HOME/APT,5,183.0,5144.14,7.0,1,42,206
ENTIRE HOUSE,ENTIRE HOME/APT,11,182.0,12757.14,7.0,1,43,74
APARTMENT,ENTIRE HOME/APT,9,181.0,3580.0,10.0,1,44,271
ENTIRE HOUSE,ENTIRE HOME/APT,10,180.0,18862.29,7.0,1,45,47
APARTMENT,ENTIRE HOME/APT,1,177.0,8928.44,16.0,1,46,114
HOUSE,ENTIRE HOME/APT,14,174.0,12437.85,13.0,1,47,76
COTTAGE,ENTIRE HOME/APT,5,172.0,4235.0,8.0,1,48,238
GUEST SUITE,PRIVATE ROOM,1,166.0,499.0,17.0,1,49,612
TOWNHOUSE,ENTIRE HOME/APT,5,163.0,2677.4,15.0,1,50,332
ENTIRE HOUSE,ENTIRE HOME/APT,5,161.0,7948.33,6.0,1,51,133
ENTIRE BUNGALOW,ENTIRE HOME/APT,2,157.0,3259.5,6.0,1,52,293
LOFT,PRIVATE ROOM,2,155.0,1612.83,12.0,1,53,449
GUESTHOUSE,ENTIRE HOME/APT,5,153.0,3266.25,8.0,1,54,291
GUEST SUITE,ENTIRE HOME/APT,5,153.0,2393.56,9.0,1,55,368
ENTIRE APARTMENT,ENTIRE HOME/APT,10,151.0,6757.88,8.0,1,56,162
VILLA,ENTIRE HOME/APT,6,150.0,21523.1,10.0,1,58,41
BOUTIQUE HOTEL,PRIVATE ROOM,3,150.0,1225.31,16.0,1,57,501
APARTMENT,ENTIRE HOME/APT,4,148.0,3942.5,6.0,1,60,256
TOWNHOUSE,PRIVATE ROOM,2,148.0,1965.86,7.0,1,59,412
PRIVATE ROOM IN BUNGALOW,PRIVATE ROOM,1,148.0,1017.71,7.0,1,61,537
VILLA,ENTIRE HOME/APT,4,146.0,8279.89,9.0,1,62,126
HOUSE,ENTIRE HOME/APT,16,144.0,10521.0,11.0,1,64,92
COTTAGE,ENTIRE HOME/APT,3,144.0,4043.71,7.0,1,63,253
CABIN,PRIVATE ROOM,2,142.0,1314.08,12.0,1,65,486
APARTMENT,ENTIRE HOME/APT,2,139.0,4054.0,5.0,1,66,250
COTTAGE,PRIVATE ROOM,2,136.0,1564.0,6.0,1,67,452
GUEST SUITE,ENTIRE HOME/APT,6,135.0,2444.4,10.0,1,68,355
ENTIRE VILLA,ENTIRE HOME/APT,6,133.0,33426.0,5.0,1,69,25
SERVICED APARTMENT,ENTIRE HOME/APT,2,132.0,1166.5,24.0,1,70,510
ENTIRE APARTMENT,ENTIRE HOME/APT,6,130.0,6586.0,5.0,1,71,167
CONDOMINIUM,ENTIRE HOME/APT,3,130.0,3817.5,8.0,1,72,261
ENTIRE HOUSE,ENTIRE HOME/APT,1,129.0,2371.8,5.0,1,73,370
ENTIRE APARTMENT,ENTIRE HOME/APT,9,128.0,4740.67,6.0,1,75,221
PRIVATE ROOM IN COTTAGE,PRIVATE ROOM,2,128.0,1655.2,5.0,1,74,441
TOWNHOUSE,ENTIRE HOME/APT,9,124.0,8552.4,5.0,1,76,121
BUNGALOW,ENTIRE HOME/APT,4,124.0,3088.88,8.0,1,77,304
SHARED ROOM IN HOUSE,SHARED ROOM,2,124.0,1155.0,6.0,1,78,511
PRIVATE ROOM IN APARTMENT,PRIVATE ROOM,4,121.0,3133.0,5.0,1,80,298
LOFT,ENTIRE HOME/APT,3,121.0,3066.29,7.0,1,79,305
TOWNHOUSE,ENTIRE HOME/APT,2,119.0,2423.71,7.0,1,81,359
GUESTHOUSE,ENTIRE HOME/APT,2,118.0,3092.5,4.0,1,82,303
APARTMENT,ENTIRE HOME/APT,12,113.0,8743.0,6.0,1,83,117
ENTIRE LOFT,ENTIRE HOME/APT,4,113.0,5454.75,4.0,1,84,189
PRIVATE ROOM IN LOFT,PRIVATE ROOM,2,108.0,2922.0,5.0,1,85,318
ENTIRE TOWNHOUSE,ENTIRE HOME/APT,6,106.0,5418.6,5.0,1,86,190
ENTIRE GUEST SUITE,ENTIRE HOME/APT,5,104.0,3496.4,5.0,1,87,280
ENTIRE PLACE,ENTIRE HOME/APT,2,101.0,1773.14,7.0,1,88,429
ENTIRE APARTMENT,ENTIRE HOME/APT,4,99.0,3864.25,4.0,1,89,260
PRIVATE ROOM IN GUESTHOUSE,PRIVATE ROOM,3,99.0,749.63,8.0,1,90,570
ENTIRE COTTAGE,ENTIRE HOME/APT,8,98.0,6639.71,7.0,1,91,164
BED AND BREAKFAST,PRIVATE ROOM,1,95.0,409.67,12.0,1,92,626
SERVICED APARTMENT,ENTIRE HOME/APT,4,94.0,1841.08,13.0,1,93,419
LOFT,PRIVATE ROOM,1,93.0,449.25,4.0,1,94,617
ROOM IN SERVICED APARTMENT,HOTEL ROOM,2,92.0,5132.5,4.0,1,95,207
BOUTIQUE HOTEL,HOTEL ROOM,1,91.0,1194.43,7.0,1,96,508
ENTIRE TOWNHOUSE,ENTIRE HOME/APT,8,90.0,11040.0,3.0,1,100,89
VILLA,ENTIRE HOME/APT,2,90.0,7320.0,4.0,1,104,149
ENTIRE HOUSE,ENTIRE HOME/APT,4,90.0,6790.0,3.0,1,98,159
VILLA,ENTIRE HOME/APT,5,90.0,5810.0,3.0,1,105,178
PRIVATE ROOM IN TOWNHOUSE,PRIVATE ROOM,4,90.0,5150.0,3.0,1,103,205
ENTIRE LOFT,ENTIRE HOME/APT,2,90.0,3600.0,3.0,1,97,269
ENTIRE BUNGALOW,ENTIRE HOME/APT,3,90.0,2430.0,3.0,1,102,358
PRIVATE ROOM IN BUNGALOW,PRIVATE ROOM,3,90.0,1440.0,3.0,1,99,470
PRIVATE ROOM IN CONDOMINIUM,PRIVATE ROOM,4,90.0,1387.5,4.0,1,101,475
ENTIRE BUNGALOW,ENTIRE HOME/APT,5,89.0,6844.0,3.0,1,107,156
PRIVATE ROOM IN LOFT,PRIVATE ROOM,1,89.0,1373.67,3.0,1,106,479
ENTIRE LOFT,ENTIRE HOME/APT,3,88.0,4555.5,4.0,1,108,229
TOWNHOUSE,ENTIRE HOME/APT,7,87.0,3500.29,7.0,1,110,278
COTTAGE,PRIVATE ROOM,1,87.0,2258.33,3.0,1,109,377
BUNGALOW,ENTIRE HOME/APT,5,85.0,2942.67,6.0,1,111,317
GUEST SUITE,ENTIRE HOME/APT,2,85.0,1733.0,4.0,1,112,434
ENTIRE LOFT,ENTIRE HOME/APT,6,82.0,5389.33,3.0,1,113,196
ROOM IN HOTEL,HOTEL ROOM,2,81.0,1062.43,7.0,1,114,528
COTTAGE,ENTIRE HOME/APT,7,80.0,4879.2,5.0,1,115,213
APARTMENT,ENTIRE HOME/APT,5,80.0,3507.0,3.0,1,116,277
HOUSE,ENTIRE HOME/APT,13,79.0,8192.33,6.0,1,118,128
HOSTEL,SHARED ROOM,1,79.0,342.5,8.0,1,117,638
ENTIRE GUEST SUITE,ENTIRE HOME/APT,3,78.0,3426.0,3.0,1,120,283
PRIVATE ROOM IN GUESTHOUSE,PRIVATE ROOM,1,78.0,1106.67,3.0,1,119,516
PRIVATE ROOM IN HOSTEL,PRIVATE ROOM,3,77.0,1198.29,7.0,1,121,506
HOTEL,HOTEL ROOM,2,76.0,2194.5,4.0,1,122,384
TOWNHOUSE,PRIVATE ROOM,1,73.0,2091.67,3.0,1,123,397
BOUTIQUE HOTEL,PRIVATE ROOM,1,73.0,1531.2,5.0,1,124,455
ENTIRE BUNGALOW,ENTIRE HOME/APT,4,71.0,3104.67,3.0,1,125,301
PRIVATE ROOM IN HOUSE,PRIVATE ROOM,4,70.0,471.38,8.0,1,126,614
BUNGALOW,PRIVATE ROOM,1,69.0,438.0,10.0,1,127,621
PRIVATE ROOM IN HOUSE,PRIVATE ROOM,5,68.0,1027.8,5.0,1,128,534
ENTIRE VILLA,ENTIRE HOME/APT,10,67.0,66766.67,3.0,1,130,15
ROOM IN BOUTIQUE HOTEL,HOTEL ROOM,4,67.0,7619.0,4.0,1,129,140
TINY HOUSE,ENTIRE HOME/APT,4,66.0,2666.0,3.0,1,131,334
GUESTHOUSE,ENTIRE HOME/APT,6,66.0,1667.2,5.0,1,132,439
BOUTIQUE HOTEL,HOTEL ROOM,4,65.0,3260.75,4.0,1,133,292
SERVICED APARTMENT,HOTEL ROOM,6,65.0,3130.0,3.0,1,135,299
GUEST SUITE,ENTIRE HOME/APT,1,65.0,675.88,8.0,1,134,581
ROOM IN APARTHOTEL,ENTIRE HOME/APT,8,64.0,28901.33,3.0,1,136,33
ROOM IN APARTHOTEL,ENTIRE HOME/APT,7,63.0,20379.67,3.0,1,139,44
BUNGALOW,ENTIRE HOME/APT,6,63.0,2016.8,5.0,1,137,407
HOUSE,PRIVATE ROOM,4,63.0,1330.33,3.0,1,138,481
ROOM IN BOUTIQUE HOTEL,HOTEL ROOM,3,62.0,5850.0,3.0,1,143,177
OTHER,ENTIRE HOME/APT,3,62.0,3062.67,3.0,1,140,306
TOWNHOUSE,ENTIRE HOME/APT,3,62.0,1323.83,6.0,1,142,482
HOSTEL,PRIVATE ROOM,2,62.0,433.33,9.0,1,141,622
VILLA,PRIVATE ROOM,2,61.0,6293.33,3.0,1,144,169
ENTIRE APARTMENT,ENTIRE HOME/APT,7,61.0,4144.33,3.0,1,146,244
PRIVATE ROOM IN BUNGALOW,PRIVATE ROOM,2,61.0,907.5,4.0,1,145,547
PRIVATE ROOM IN TOWNHOUSE,PRIVATE ROOM,2,60.0,429450.0,2.0,1,174,4
ENTIRE BUNGALOW,ENTIRE HOME/APT,7,60.0,11985.0,2.0,1,158,83
APARTMENT,HOTEL ROOM,4,60.0,9750.0,2.0,1,147,101
ISLAND,ENTIRE HOME/APT,3,60.0,8880.0,2.0,1,159,115
ENTIRE TOWNHOUSE,ENTIRE HOME/APT,9,60.0,8745.0,2.0,1,157,116
CABIN,ENTIRE HOME/APT,4,60.0,8700.0,2.0,1,156,119
ENTIRE HOME/APT,ENTIRE HOME/APT,4,60.0,6780.0,2.0,1,168,160
GUEST SUITE,ENTIRE HOME/APT,4,60.0,4680.0,2.0,1,165,225
ENTIRE TOWNHOUSE,ENTIRE HOME/APT,4,60.0,4635.0,2.0,1,167,226
PRIVATE ROOM IN APARTMENT,PRIVATE ROOM,6,60.0,4140.0,2.0,1,151,247
ENTIRE CONDOMINIUM,ENTIRE HOME/APT,4,60.0,3615.0,2.0,1,171,267
ROOM IN BOUTIQUE HOTEL,PRIVATE ROOM,3,60.0,3008.33,3.0,1,162,308
ENTIRE PLACE,ENTIRE HOME/APT,3,60.0,3000.0,2.0,1,161,312
SHARED ROOM IN APARTMENT,SHARED ROOM,1,60.0,2835.0,2.0,1,155,327
PRIVATE ROOM IN VILLA,PRIVATE ROOM,4,60.0,2775.0,2.0,1,152,329
BUNGALOW,ENTIRE HOME/APT,2,60.0,2475.0,2.0,1,172,353
SHARED ROOM IN HOUSE,SHARED ROOM,4,60.0,2385.0,2.0,1,153,369
ENTIRE PLACE,ENTIRE HOME/APT,1,60.0,2025.0,2.0,1,148,404
APARTMENT,SHARED ROOM,7,60.0,2010.0,2.0,1,149,408
CONDOMINIUM,SHARED ROOM,3,60.0,1935.0,2.0,1,154,417
TOWNHOUSE,PRIVATE ROOM,4,60.0,1665.0,2.0,1,169,440
PRIVATE ROOM IN CAMPER/RV,PRIVATE ROOM,3,60.0,1650.0,2.0,1,170,442
TOWNHOUSE,PRIVATE ROOM,6,60.0,1500.0,3.0,1,173,462
SHARED ROOM IN HOSTEL,SHARED ROOM,5,60.0,1230.0,2.0,1,160,498
PRIVATE ROOM IN GUESTHOUSE,PRIVATE ROOM,2,60.0,1150.0,3.0,1,164,512
SHARED ROOM IN BED AND BREAKFAST,SHARED ROOM,12,60.0,1140.0,2.0,1,163,514
SHARED ROOM IN HOUSE,SHARED ROOM,3,60.0,1020.0,2.0,1,150,536
LOFT,SHARED ROOM,1,60.0,870.0,2.0,1,175,554
ENTIRE LOFT,ENTIRE HOME/APT,1,60.0,510.0,2.0,1,166,609
ENTIRE VILLA,ENTIRE HOME/APT,12,59.0,26275.0,2.0,1,180,35
ENTIRE CONDOMINIUM,ENTIRE HOME/APT,6,59.0,20750.0,2.0,1,182,43
ENTIRE VILLA,ENTIRE HOME/APT,3,59.0,4860.5,2.0,1,176,214
TOWNHOUSE,ENTIRE HOME/APT,10,59.0,4044.0,3.0,1,177,252
BED AND BREAKFAST,PRIVATE ROOM,2,59.0,1955.5,2.0,1,178,415
GUESTHOUSE,PRIVATE ROOM,1,59.0,1375.5,2.0,1,181,478
GUESTHOUSE,ENTIRE HOME/APT,1,59.0,1227.5,4.0,1,179,499
ENTIRE SERVICED APARTMENT,ENTIRE HOME/APT,3,58.0,9106.0,2.0,1,185,105
SHARED ROOM IN CONDOMINIUM,SHARED ROOM,2,58.0,1832.0,2.0,1,184,421
PRIVATE ROOM IN HOUSE,PRIVATE ROOM,8,58.0,1098.17,6.0,1,183,518
VILLA,ENTIRE HOME/APT,7,57.0,9450.0,2.0,1,186,103
ENTIRE CHALET,ENTIRE HOME/APT,2,56.0,2635.0,2.0,1,187,337
TINY HOUSE,ENTIRE HOME/APT,2,55.0,7312.5,2.0,1,188,150
BOUTIQUE HOTEL,HOTEL ROOM,2,54.0,4571.13,8.0,1,189,228
ENTIRE LOFT,ENTIRE HOME/APT,5,54.0,2514.0,3.0,1,190,347
ENTIRE CONDOMINIUM,ENTIRE HOME/APT,7,53.0,5325.0,2.0,1,191,199
APARTMENT,SHARED ROOM,2,53.0,415.5,10.0,1,192,625
CABIN,ENTIRE HOME/APT,5,52.0,4306.67,3.0,1,193,237
ENTIRE TOWNHOUSE,ENTIRE HOME/APT,3,51.0,3249.0,2.0,1,195,294
ROOM IN BOUTIQUE HOTEL,PRIVATE ROOM,1,51.0,2953.5,2.0,1,194,316
GUEST SUITE,PRIVATE ROOM,4,51.0,706.22,9.0,1,196,575
SERVICED APARTMENT,PRIVATE ROOM,2,51.0,528.33,18.0,1,197,607
ENTIRE HOUSE,ENTIRE HOME/APT,13,50.0,12111.0,2.0,1,199,80
ROOM IN BOUTIQUE HOTEL,PRIVATE ROOM,6,50.0,5151.67,3.0,1,198,204
PRIVATE ROOM IN BED AND BREAKFAST,PRIVATE ROOM,2,50.0,2249.25,4.0,1,200,379
ENTIRE GUEST SUITE,ENTIRE HOME/APT,2,49.0,1454.75,4.0,1,201,467
PRIVATE ROOM IN BED AND BREAKFAST,PRIVATE ROOM,3,46.0,855.0,4.0,1,202,557
ENTIRE HOUSE,ENTIRE HOME/APT,6,45.0,5752.5,2.0,1,204,179
SERVICED APARTMENT,PRIVATE ROOM,4,45.0,3744.5,6.0,1,203,263
SERVICED APARTMENT,HOTEL ROOM,5,44.0,2623.43,7.0,1,205,338
ENTIRE VILLA,ENTIRE HOME/APT,16,42.0,22647.0,2.0,1,207,40
ENTIRE TOWNHOUSE,ENTIRE HOME/APT,2,42.0,8736.0,2.0,1,206,118
PRIVATE ROOM IN HOSTEL,PRIVATE ROOM,4,42.0,1126.5,4.0,1,209,515
PRIVATE ROOM IN VILLA,PRIVATE ROOM,2,42.0,895.0,3.0,1,208,551
BOAT,ENTIRE HOME/APT,4,40.0,21360.0,2.0,1,212,42
APARTMENT,ENTIRE HOME/APT,3,40.0,1618.33,3.0,1,210,447
GUEST SUITE,PRIVATE ROOM,3,40.0,1102.0,5.0,1,211,517
ROOM IN APARTHOTEL,ENTIRE HOME/APT,3,39.0,1089.9,10.0,1,215,520
PRIVATE ROOM IN TINY HOUSE,PRIVATE ROOM,2,39.0,1074.33,3.0,1,213,526
PRIVATE ROOM IN BARN,PRIVATE ROOM,2,39.0,670.5,2.0,1,214,584
ROOM IN SERVICED APARTMENT,HOTEL ROOM,5,38.0,9101.0,2.0,1,216,106
ENTIRE SERVICED APARTMENT,ENTIRE HOME/APT,4,38.0,4770.0,2.0,1,218,219
ENTIRE VILLA,ENTIRE HOME/APT,5,38.0,4740.0,2.0,1,220,222
LOFT,ENTIRE HOME/APT,5,38.0,3492.0,2.0,1,221,281
CABIN,ENTIRE HOME/APT,3,38.0,1780.0,2.0,1,219,428
CONDOMINIUM,ENTIRE HOME/APT,1,38.0,1586.0,3.0,1,217,451
ENTIRE APARTMENT,ENTIRE HOME/APT,16,37.0,15335.0,2.0,1,222,60
ENTIRE CONDOMINIUM,ENTIRE HOME/APT,1,37.0,1220.0,2.0,1,223,502
CABIN,PRIVATE ROOM,1,37.0,569.67,3.0,1,224,599
HOUSE,ENTIRE HOME/APT,8,36.0,7751.33,3.0,1,225,139
ROOM IN HOTEL,PRIVATE ROOM,4,36.0,3273.0,2.0,1,226,290
APARTMENT,PRIVATE ROOM,6,35.0,2166.67,3.0,1,227,388
SERVICED APARTMENT,ENTIRE HOME/APT,3,34.0,5647.7,10.0,1,230,184
ENTIRE GUEST SUITE,ENTIRE HOME/APT,1,34.0,888.0,2.0,1,228,552
HOUSE,SHARED ROOM,2,34.0,563.33,3.0,1,229,601
ENTIRE VILLA,ENTIRE HOME/APT,9,33.0,66712.5,2.0,1,233,16
ENTIRE APARTMENT,ENTIRE HOME/APT,5,33.0,2174.0,3.0,1,231,386
SHARED ROOM IN APARTMENT,SHARED ROOM,4,33.0,831.0,2.0,1,232,560
VILLA,ENTIRE HOME/APT,9,32.0,14296.33,3.0,1,235,69
SERVICED APARTMENT,PRIVATE ROOM,6,32.0,5124.0,2.0,1,234,208
OTHER,ENTIRE HOME/APT,4,32.0,3369.0,2.0,1,236,284
APARTMENT,ENTIRE HOME/APT,14,32.0,2433.33,3.0,1,237,356
SHARED ROOM IN HOUSE,SHARED ROOM,5,32.0,230.0,3.0,1,238,659
SERVICED APARTMENT,ENTIRE HOME/APT,1,31.0,37564.0,2.0,1,244,22
PRIVATE ROOM IN EARTH HOUSE,PRIVATE ROOM,1,31.0,2280.0,2.0,1,241,375
PRIVATE ROOM IN CONDOMINIUM,PRIVATE ROOM,2,31.0,1675.0,2.0,1,239,438
PRIVATE ROOM IN BED AND BREAKFAST,PRIVATE ROOM,1,31.0,777.5,4.0,1,240,566
SHARED ROOM IN APARTMENT,SHARED ROOM,2,31.0,730.0,3.0,1,242,574
HOSTEL,SHARED ROOM,12,31.0,467.5,2.0,1,243,615
BOAT,ENTIRE HOME/APT,10,30.0,675000.0,1.0,1,417,3
ENTIRE HOME/APT,ENTIRE HOME/APT,8,30.0,110760.0,1.0,1,426,5
CABIN,PRIVATE ROOM,6,30.0,103590.0,1.0,1,430,6
PRIVATE ROOM IN CABIN,PRIVATE ROOM,6,30.0,103590.0,1.0,1,433,7
PRIVATE ROOM IN BOAT,PRIVATE ROOM,4,30.0,99000.0,1.0,1,436,8
ENTIRE APARTMENT,ENTIRE HOME/APT,15,30.0,90000.0,1.0,1,438,11
ENTIRE GUEST SUITE,ENTIRE HOME/APT,12,30.0,90000.0,1.0,1,437,10
ENTIRE VILLA,ENTIRE HOME/APT,8,30.0,81000.0,1.0,1,439,12
ENTIRE HOME/APT,ENTIRE HOME/APT,10,30.0,76800.0,1.0,1,440,13
ROOM IN HOTEL,PRIVATE ROOM,2,30.0,69240.0,1.0,1,247,14
ENTIRE HOME/APT,ENTIRE HOME/APT,6,30.0,49140.0,1.0,1,248,17
PRIVATE ROOM IN HOUSE,PRIVATE ROOM,10,30.0,45000.0,1.0,1,249,20
EARTH HOUSE,ENTIRE HOME/APT,6,30.0,39000.0,1.0,1,250,21
ENTIRE HOUSE,ENTIRE HOME/APT,12,30.0,37500.0,1.0,1,251,23
ENTIRE HOUSE,ENTIRE HOME/APT,8,30.0,36000.0,1.0,1,252,24
SERVICED APARTMENT,ENTIRE HOME/APT,8,30.0,33030.0,1.0,1,253,26
FARM STAY,ENTIRE HOME/APT,10,30.0,33000.0,1.0,1,254,27
OTHER,ENTIRE HOME/APT,6,30.0,31140.0,1.0,1,255,28
ENTIRE GUEST SUITE,ENTIRE HOME/APT,8,30.0,30000.0,1.0,1,256,30
ROOM IN HOTEL,HOTEL ROOM,5,30.0,26400.0,1.0,1,257,34
ROOM IN BOUTIQUE HOTEL,PRIVATE ROOM,16,30.0,25710.0,1.0,1,258,36
OTHER,ENTIRE HOME/APT,8,30.0,24810.0,1.0,1,259,37
ENTIRE FLOOR,ENTIRE HOME/APT,5,30.0,20310.0,1.0,1,260,45
RESORT,HOTEL ROOM,4,30.0,19380.0,1.0,1,261,46
BOAT,PRIVATE ROOM,3,30.0,18000.0,1.0,1,264,50
SHARED ROOM IN COTTAGE,SHARED ROOM,16,30.0,18000.0,1.0,1,263,49
PRIVATE ROOM IN BOAT,PRIVATE ROOM,3,30.0,18000.0,1.0,1,262,48
BOAT,PRIVATE ROOM,6,30.0,17970.0,1.0,1,265,51
ENTIRE VILLA,ENTIRE HOME/APT,4,30.0,17070.0,1.0,1,266,54
ROOM IN RESORT,HOTEL ROOM,4,30.0,16830.0,1.0,1,267,55
ENTIRE TOWNHOUSE,ENTIRE HOME/APT,14,30.0,16710.0,1.0,1,268,56
HOUSE,ENTIRE HOME/APT,10,30.0,15000.0,1.0,1,271,64
CAMPER/RV,ENTIRE HOME/APT,3,30.0,15000.0,1.0,1,272,65
ENTIRE LOFT,ENTIRE HOME/APT,8,30.0,15000.0,1.0,1,269,62
TOWNHOUSE,ENTIRE HOME/APT,14,30.0,15000.0,1.0,1,270,63
HOSTEL,PRIVATE ROOM,5,30.0,14985.0,2.0,1,273,66
DOME HOUSE,ENTIRE HOME/APT,4,30.0,14700.0,1.0,1,274,67
BARN,ENTIRE HOME/APT,4,30.0,13500.0,1.0,1,275,71
APARTMENT,PRIVATE ROOM,10,30.0,12600.0,1.0,1,276,75
ENTIRE COTTAGE,ENTIRE HOME/APT,16,30.0,12420.0,1.0,1,277,77
PRIVATE ROOM IN HOSTEL,PRIVATE ROOM,10,30.0,12360.0,1.0,1,278,79
BOAT,ENTIRE HOME/APT,1,30.0,12000.0,1.0,1,279,81
ISLAND,ENTIRE HOME/APT,8,30.0,12000.0,1.0,1,280,82
COTTAGE,ENTIRE HOME/APT,6,30.0,11970.0,1.0,1,281,84
PRIVATE ROOM IN APARTMENT,PRIVATE ROOM,16,30.0,11970.0,1.0,1,282,85
ENTIRE APARTMENT,ENTIRE HOME/APT,11,30.0,11280.0,1.0,1,283,87
FARM STAY,ENTIRE HOME/APT,4,30.0,10500.0,1.0,1,285,94
BUNGALOW,ENTIRE HOME/APT,7,30.0,10500.0,1.0,1,284,93
PRIVATE ROOM IN HOUSE,PRIVATE ROOM,7,30.0,10470.0,1.0,1,286,95
BED AND BREAKFAST,PRIVATE ROOM,7,30.0,10470.0,1.0,1,287,96
BUNGALOW,ENTIRE HOME/APT,9,30.0,10380.0,1.0,1,288,97
APARTMENT,HOTEL ROOM,6,30.0,10020.0,1.0,1,289,98
HOSTEL,PRIVATE ROOM,6,30.0,9990.0,3.0,1,290,99
EARTH HOUSE,ENTIRE HOME/APT,2,30.0,9600.0,1.0,1,291,102
COTTAGE,ENTIRE HOME/APT,4,30.0,9030.0,1.0,1,292,108
HOUSE,ENTIRE HOME/APT,7,30.0,9030.0,1.0,1,293,109
ENTIRE COTTAGE,ENTIRE HOME/APT,4,30.0,9000.0,1.0,1,296,112
ENTIRE CONDOMINIUM,ENTIRE HOME/APT,11,30.0,9000.0,1.0,1,295,111
GUEST SUITE,ENTIRE HOME/APT,8,30.0,9000.0,1.0,1,294,110
HOLIDAY PARK,ENTIRE HOME/APT,6,30.0,8970.0,1.0,1,297,113
PRIVATE ROOM IN APARTMENT,PRIVATE ROOM,10,30.0,8640.0,1.0,1,298,120
TOWNHOUSE,PRIVATE ROOM,7,30.0,8550.0,1.0,1,299,122
CONDOMINIUM,ENTIRE HOME/APT,9,30.0,8280.0,1.0,1,300,125
ENTIRE TOWNHOUSE,ENTIRE HOME/APT,5,30.0,8100.0,1.0,1,301,130
APARTMENT,ENTIRE HOME/APT,15,30.0,8040.0,1.0,1,302,131
ENTIRE TOWNHOUSE,ENTIRE HOME/APT,7,30.0,7920.0,1.0,1,303,134
PRIVATE ROOM IN GUESTHOUSE,PRIVATE ROOM,5,30.0,7800.0,1.0,1,304,135
BED AND BREAKFAST,HOTEL ROOM,3,30.0,7770.0,1.0,1,305,138
SHARED ROOM IN BOAT,SHARED ROOM,2,30.0,7500.0,1.0,1,307,143
HOUSE,PRIVATE ROOM,6,30.0,7500.0,2.0,1,306,142
PRIVATE ROOM IN APARTMENT,PRIVATE ROOM,5,30.0,7500.0,1.0,1,309,145
BOAT,SHARED ROOM,2,30.0,7500.0,1.0,1,308,144
RESORT,PRIVATE ROOM,6,30.0,7470.0,1.0,1,310,146
CONDOMINIUM,ENTIRE HOME/APT,7,30.0,6840.0,1.0,1,311,157
ENTIRE TOWNHOUSE,ENTIRE HOME/APT,11,30.0,6827.1,1.0,1,312,158
SHARED ROOM IN APARTMENT,SHARED ROOM,5,30.0,6690.0,1.0,1,245,163
HOUSE,SHARED ROOM,8,30.0,6600.0,1.0,1,313,165
ENTIRE PLACE,ENTIRE HOME/APT,6,30.0,6300.0,1.0,1,314,168
COTTAGE,PRIVATE ROOM,6,30.0,6240.0,1.0,1,315,170
ENTIRE CABIN,ENTIRE HOME/APT,7,30.0,6000.0,1.0,1,316,174
APARTMENT,HOTEL ROOM,8,30.0,5700.0,1.0,1,317,180
PRIVATE ROOM IN RESORT,PRIVATE ROOM,6,30.0,5700.0,1.0,1,318,181
VILLA,ENTIRE HOME/APT,10,30.0,5670.0,1.0,1,319,183
ROOM IN APARTMENT,HOTEL ROOM,4,30.0,5580.0,1.0,1,320,186
TENT,PRIVATE ROOM,6,30.0,5520.0,1.0,1,321,187
CASA PARTICULAR,ENTIRE HOME/APT,3,30.0,5400.0,1.0,1,322,192
ENTIRE CONDOMINIUM,ENTIRE HOME/APT,9,30.0,5400.0,1.0,1,323,193
TREEHOUSE,ENTIRE HOME/APT,3,30.0,5400.0,1.0,1,324,194
FARM STAY,ENTIRE HOME/APT,7,30.0,5400.0,1.0,1,325,195
ENTIRE GUESTHOUSE,ENTIRE HOME/APT,5,30.0,5370.0,1.0,1,326,198
TINY HOUSE,ENTIRE HOME/APT,6,30.0,5250.0,1.0,1,328,201
ENTIRE COTTAGE,ENTIRE HOME/APT,5,30.0,5250.0,1.0,1,327,200
GUESTHOUSE,PRIVATE ROOM,5,30.0,5100.0,1.0,1,329,209
APARTMENT,ENTIRE HOME/APT,6,30.0,5040.0,1.0,1,330,211
VILLA,ENTIRE HOME/APT,1,30.0,4800.0,1.0,1,331,216
ENTIRE GUESTHOUSE,ENTIRE HOME/APT,10,30.0,4800.0,1.0,1,332,217
LOFT,ENTIRE HOME/APT,6,30.0,4740.0,1.0,1,333,223
ENTIRE FLOOR,ENTIRE HOME/APT,4,30.0,4500.0,1.0,1,334,230
PRIVATE ROOM IN SERVICED APARTMENT,PRIVATE ROOM,1,30.0,4500.0,1.0,1,335,231
HOUSE,ENTIRE HOME/APT,2,30.0,4500.0,1.0,1,336,232
ENTIRE VILLA,ENTIRE HOME/APT,1,30.0,4500.0,1.0,1,337,233
EARTH HOUSE,ENTIRE HOME/APT,5,30.0,4350.0,1.0,1,338,236
ENTIRE FLOOR,ENTIRE HOME/APT,3,30.0,4200.0,1.0,1,339,241
PRIVATE ROOM IN COTTAGE,PRIVATE ROOM,6,30.0,4170.0,1.0,1,340,243
PRIVATE ROOM IN IN-LAW,PRIVATE ROOM,1,30.0,4140.0,1.0,1,342,246
ENTIRE SERVICED APARTMENT,ENTIRE HOME/APT,2,30.0,4140.0,1.0,1,341,245
CHALET,ENTIRE HOME/APT,2,30.0,4080.0,1.0,1,343,249
FARM STAY,ENTIRE HOME/APT,3,30.0,4050.0,1.0,1,344,251
BOAT,PRIVATE ROOM,2,30.0,3930.0,1.0,1,345,257
ENTIRE VILLA,ENTIRE HOME/APT,2,30.0,3750.0,1.0,1,346,262
PRIVATE ROOM IN CAMPER/RV,PRIVATE ROOM,4,30.0,3600.0,1.0,1,348,270
ENTIRE PLACE,ENTIRE HOME/APT,5,30.0,3600.0,1.0,1,347,268
PRIVATE ROOM IN HOUSE,PRIVATE ROOM,3,30.0,3570.0,1.0,1,349,274
HOUSE,PRIVATE ROOM,16,30.0,3450.0,1.0,1,350,282
MINSU (TAIWAN),PRIVATE ROOM,2,30.0,3330.0,1.0,1,351,287
LOFT,PRIVATE ROOM,6,30.0,3300.0,1.0,1,353,289
PRIVATE ROOM IN TINY HOUSE,PRIVATE ROOM,3,30.0,3300.0,1.0,1,352,288
PRIVATE ROOM IN TRAIN,PRIVATE ROOM,4,30.0,3150.0,1.0,1,354,297
OTHER,ENTIRE HOME/APT,1,30.0,3030.0,1.0,1,355,307
LOFT,ENTIRE HOME/APT,1,30.0,3000.0,1.0,1,358,313
OTHER,PRIVATE ROOM,4,30.0,3000.0,1.0,1,359,314
COTTAGE,SHARED ROOM,16,30.0,3000.0,1.0,1,360,315
YURT,ENTIRE HOME/APT,2,30.0,3000.0,1.0,1,356,310
PRIVATE ROOM,PRIVATE ROOM,4,30.0,3000.0,1.0,1,357,311
PRIVATE ROOM IN LOFT,PRIVATE ROOM,3,30.0,2880.0,1.0,1,361,321
PRIVATE ROOM IN MINSU,PRIVATE ROOM,2,30.0,2850.0,1.0,1,365,326
IN-LAW,PRIVATE ROOM,1,30.0,2850.0,1.0,1,362,323
PRIVATE ROOM IN MINSU (TAIWAN),PRIVATE ROOM,2,30.0,2850.0,1.0,1,363,324
CASA PARTICULAR (CUBA),PRIVATE ROOM,2,30.0,2850.0,1.0,1,364,325
PRIVATE ROOM IN VILLA,PRIVATE ROOM,1,30.0,2700.0,1.0,1,366,331
COTTAGE,PRIVATE ROOM,4,30.0,2640.0,1.0,1,367,335
BOAT,PRIVATE ROOM,5,30.0,2490.0,1.0,1,368,348
PRIVATE ROOM IN PENSION (SOUTH KOREA),PRIVATE ROOM,1,30.0,2430.0,1.0,1,369,357
CASA PARTICULAR,ENTIRE HOME/APT,2,30.0,2400.0,1.0,1,376,366
PRIVATE ROOM IN PENSION,PRIVATE ROOM,1,30.0,2400.0,1.0,1,370,360
PRIVATE ROOM IN CASA PARTICULAR (CUBA),PRIVATE ROOM,2,30.0,2400.0,1.0,1,371,361
PRIVATE ROOM IN CONDOMINIUM,PRIVATE ROOM,1,30.0,2400.0,1.0,1,372,362
CASA PARTICULAR (CUBA),ENTIRE HOME/APT,2,30.0,2400.0,1.0,1,373,363
HOUSE,ENTIRE HOME/APT,6,30.0,2400.0,2.0,1,374,364
PRIVATE ROOM IN CASA PARTICULAR,PRIVATE ROOM,2,30.0,2400.0,1.0,1,375,365
TOWNHOUSE,ENTIRE HOME/APT,12,30.0,2357.6,5.0,1,377,371
ENTIRE CABIN,ENTIRE HOME/APT,1,30.0,2250.0,1.0,1,378,378
CAMPER/RV,ENTIRE HOME/APT,5,30.0,2220.0,1.0,1,379,382
CABIN,ENTIRE HOME/APT,1,30.0,2100.0,1.0,1,380,394
PRIVATE ROOM IN CABIN,PRIVATE ROOM,2,30.0,2100.0,1.0,1,381,395
PRIVATE ROOM IN GUEST SUITE,PRIVATE ROOM,1,30.0,2070.0,1.0,1,382,398
PRIVATE ROOM IN GUEST SUITE,PRIVATE ROOM,3,30.0,2040.0,1.0,1,383,402
PRIVATE ROOM IN SERVICED APARTMENT,PRIVATE ROOM,2,30.0,1980.0,1.0,1,384,410
ROOM IN APARTHOTEL,PRIVATE ROOM,2,30.0,1950.0,1.0,1,385,416
TINY HOUSE,PRIVATE ROOM,2,30.0,1800.0,1.0,1,387,423
CHALET,PRIVATE ROOM,2,30.0,1800.0,1.0,1,388,424
ENTIRE PLACE,ENTIRE HOME/APT,4,30.0,1800.0,1.0,1,389,426
HOSTEL,PRIVATE ROOM,1,30.0,1800.0,1.0,1,386,422
DOME HOUSE,PRIVATE ROOM,1,30.0,1770.0,1.0,1,391,431
SHARED ROOM IN VILLA,SHARED ROOM,6,30.0,1770.0,1.0,1,390,430
PRIVATE ROOM IN BOAT,PRIVATE ROOM,5,30.0,1740.0,1.0,1,392,433
SHARED ROOM IN TOWNHOUSE,SHARED ROOM,4,30.0,1710.0,1.0,1,393,436
PRIVATE ROOM IN EARTH HOUSE,PRIVATE ROOM,2,30.0,1650.0,1.0,1,395,444
PRIVATE ROOM IN COTTAGE,PRIVATE ROOM,1,30.0,1650.0,1.0,1,394,443
PRIVATE ROOM IN GUESTHOUSE,PRIVATE ROOM,4,30.0,1500.0,1.0,1,396,456
SHARED ROOM IN HOSTEL,SHARED ROOM,2,30.0,1500.0,1.0,1,397,458
SHARED ROOM IN APARTMENT,SHARED ROOM,7,30.0,1500.0,1.0,1,398,459
TENT,SHARED ROOM,2,30.0,1500.0,1.0,1,399,460
EARTH HOUSE,PRIVATE ROOM,2,30.0,1500.0,1.0,1,400,461
CAMPER/RV,PRIVATE ROOM,3,30.0,1500.0,1.0,1,401,463
ENTIRE APARTMENT,ENTIRE HOME/APT,1,30.0,1470.0,1.0,1,402,465
VILLA,SHARED ROOM,1,30.0,1470.0,1.0,1,403,466
APARTMENT,PRIVATE ROOM,16,30.0,1410.0,1.0,1,404,472
APARTMENT,PRIVATE ROOM,8,30.0,1380.0,1.0,1,406,477
PRIVATE ROOM IN HOUSE,PRIVATE ROOM,16,30.0,1380.0,1.0,1,405,476
PRIVATE ROOM IN BED AND BREAKFAST,PRIVATE ROOM,12,30.0,1350.0,1.0,1,407,480
GUESTHOUSE,PRIVATE ROOM,2,30.0,1320.0,1.0,1,409,484
TINY HOUSE,ENTIRE HOME/APT,3,30.0,1320.0,1.0,1,408,483
SHARED ROOM IN HOSTEL,SHARED ROOM,3,30.0,1290.0,1.0,1,410,488
PENSION (SOUTH KOREA),PRIVATE ROOM,1,30.0,1260.0,1.0,1,411,493
HOUSE,SHARED ROOM,5,30.0,1200.0,1.0,1,412,503
PRIVATE ROOM,PRIVATE ROOM,2,30.0,1200.0,1.0,1,413,504
SHARED ROOM IN BED AND BREAKFAST,SHARED ROOM,2,30.0,1170.0,1.0,1,414,509
SHARED ROOM IN GUESTHOUSE,SHARED ROOM,1,30.0,1080.0,1.0,1,415,522
BED AND BREAKFAST,SHARED ROOM,2,30.0,1080.0,1.0,1,416,524
BED AND BREAKFAST,SHARED ROOM,12,30.0,1050.0,1.0,1,419,531
HOSTEL,SHARED ROOM,10,30.0,1050.0,1.0,1,418,530
PRIVATE ROOM IN VILLA,PRIVATE ROOM,3,30.0,900.0,2.0,1,420,550
SHARED ROOM IN CONDOMINIUM,SHARED ROOM,3,30.0,870.0,1.0,1,421,553
SHARED ROOM IN BED AND BREAKFAST,SHARED ROOM,4,30.0,870.0,1.0,1,422,555
SHARED ROOM IN BED AND BREAKFAST,SHARED ROOM,1,30.0,825.0,2.0,1,423,561
BARN,PRIVATE ROOM,2,30.0,760.0,3.0,1,424,567
SHARED ROOM IN LOFT,SHARED ROOM,1,30.0,750.0,1.0,1,425,569
SHARED ROOM IN GUESTHOUSE,SHARED ROOM,2,30.0,675.0,2.0,1,427,582
SHARED ROOM IN TENT,SHARED ROOM,2,30.0,600.0,1.0,1,429,596
SHARED ROOM IN TOWNHOUSE,SHARED ROOM,2,30.0,600.0,1.0,1,428,593
GUESTHOUSE,SHARED ROOM,1,30.0,540.0,2.0,1,431,605
SHARED ROOM IN TINY HOUSE,SHARED ROOM,1,30.0,450.0,1.0,1,432,616
APARTHOTEL,ENTIRE HOME/APT,3,30.0,422.86,7.0,1,434,623
TINY HOUSE,SHARED ROOM,1,30.0,420.0,1.0,1,435,624
PRIVATE ROOM IN TOWNHOUSE,PRIVATE ROOM,1,30.0,150.0,3.0,1,246,684
COTTAGE,ENTIRE HOME/APT,8,29.0,29029.0,1.0,1,452,32
VILLA,ENTIRE HOME/APT,11,29.0,24249.5,2.0,1,454,38
GUESTHOUSE,PRIVATE ROOM,6,29.0,17400.0,1.0,1,461,52
FARM STAY,ENTIRE HOME/APT,8,29.0,14500.0,1.0,1,455,68
ISLAND,ENTIRE HOME/APT,4,29.0,12383.0,1.0,1,441,78
HOUSE,ENTIRE HOME/APT,12,29.0,11571.0,1.0,1,449,86
SERVICED APARTMENT,ENTIRE HOME/APT,6,29.0,8352.0,1.0,1,450,124
HOUSE,ENTIRE HOME/APT,5,29.0,8149.0,1.0,1,458,129
BARN,ENTIRE HOME/APT,2,29.0,7975.0,1.0,1,459,132
CABIN,ENTIRE HOME/APT,8,29.0,7279.0,1.0,1,442,151
PRIVATE ROOM IN SERVICED APARTMENT,PRIVATE ROOM,6,29.0,7250.0,1.0,1,443,152
ENTIRE TOWNHOUSE,ENTIRE HOME/APT,10,29.0,6206.0,1.0,1,462,171
ENTIRE GUESTHOUSE,ENTIRE HOME/APT,7,29.0,5220.0,1.0,1,451,202
BOUTIQUE HOTEL,PRIVATE ROOM,4,29.0,5191.0,1.0,1,444,203
ROOM IN BOUTIQUE HOTEL,PRIVATE ROOM,4,29.0,4785.0,2.0,1,457,218
GUESTHOUSE,PRIVATE ROOM,3,29.0,4234.0,1.0,1,446,239
APARTMENT,PRIVATE ROOM,5,29.0,3103.0,1.0,1,453,302
HOUSE,PRIVATE ROOM,5,29.0,2001.0,1.0,1,460,409
PRIVATE ROOM IN TIPI,PRIVATE ROOM,3,29.0,1421.0,1.0,1,445,471
HOUSE,SHARED ROOM,6,29.0,1276.0,1.0,1,448,490
TINY HOUSE,ENTIRE HOME/APT,1,29.0,992.5,2.0,1,456,541
SHARED ROOM IN GUEST SUITE,SHARED ROOM,2,29.0,650.5,2.0,1,447,588
COTTAGE,ENTIRE HOME/APT,10,28.0,15400.0,1.0,1,463,59
SERVICED APARTMENT,HOTEL ROOM,7,28.0,8540.0,1.0,1,473,123
ENTIRE GUEST SUITE,ENTIRE HOME/APT,11,28.0,7336.0,1.0,1,468,148
PRIVATE ROOM IN COTTAGE,PRIVATE ROOM,4,28.0,7000.0,1.0,1,471,154
ENTIRE GUEST SUITE,ENTIRE HOME/APT,7,28.0,5992.0,1.0,1,464,175
ROOM IN BED AND BREAKFAST,HOTEL ROOM,2,28.0,4984.0,1.0,1,472,212
PRIVATE ROOM IN APARTMENT,PRIVATE ROOM,2,28.0,3920.0,1.0,1,465,258
TENT,ENTIRE HOME/APT,4,28.0,3129.0,2.0,1,469,300
ENTIRE GUESTHOUSE,ENTIRE HOME/APT,4,28.0,1080.0,2.0,1,467,521
ROOM IN HOSTEL,HOTEL ROOM,1,28.0,700.0,2.0,1,470,578
BED AND BREAKFAST,PRIVATE ROOM,3,28.0,554.5,4.0,1,466,602
TREEHOUSE,ENTIRE HOME/APT,2,27.0,14040.0,1.0,1,478,70
CAMPER/RV,ENTIRE HOME/APT,6,27.0,6777.0,1.0,1,474,161
ENTIRE CABIN,ENTIRE HOME/APT,3,27.0,2241.0,1.0,1,477,380
PRIVATE ROOM IN NATURE LODGE,PRIVATE ROOM,2,27.0,1593.0,1.0,1,475,450
HOUSE,ENTIRE HOME/APT,1,27.0,306.4,5.0,1,476,642
ENTIRE COTTAGE,ENTIRE HOME/APT,9,26.0,17082.0,1.0,1,479,53
ISLAND,ENTIRE HOME/APT,5,26.0,11076.0,1.0,1,482,88
ISLAND,ENTIRE HOME/APT,2,26.0,7800.0,1.0,1,481,137
ENTIRE CONDOMINIUM,ENTIRE HOME/APT,3,26.0,3744.0,1.0,1,480,264
ENTIRE TOWNHOUSE,ENTIRE HOME/APT,12,26.0,3544.5,2.0,1,484,275
ENTIRE HOME/APT,ENTIRE HOME/APT,2,26.0,1235.0,2.0,1,483,497
TOWNHOUSE,ENTIRE HOME/APT,13,25.0,9975.0,1.0,1,485,100
ENTIRE APARTMENT,ENTIRE HOME/APT,13,25.0,7525.0,1.0,1,488,141
PRIVATE ROOM IN APARTMENT,PRIVATE ROOM,3,25.0,900.0,2.0,1,487,549
CONDOMINIUM,PRIVATE ROOM,3,25.0,745.5,4.0,1,486,571
ENTIRE CABIN,ENTIRE HOME/APT,5,24.0,3720.0,2.0,1,489,265
APARTMENT,ENTIRE HOME/APT,10,23.0,4101.0,4.0,1,490,248
PRIVATE ROOM IN BOAT,PRIVATE ROOM,6,22.0,15686.0,1.0,1,491,57
HOTEL,HOTEL ROOM,1,22.0,550.0,2.0,1,492,603
TOWNHOUSE,ENTIRE HOME/APT,16,21.0,7014.0,1.0,1,493,153
BOUTIQUE HOTEL,PRIVATE ROOM,6,21.0,2880.0,3.0,1,496,320
COTTAGE,ENTIRE HOME/APT,2,21.0,2877.0,1.0,1,494,322
TOWNHOUSE,SHARED ROOM,2,21.0,735.0,1.0,1,495,572
APARTMENT,SHARED ROOM,1,21.0,84.91,11.0,1,497,708
VILLA,ENTIRE HOME/APT,12,20.0,23149.5,2.0,1,498,39
ENTIRE COTTAGE,ENTIRE HOME/APT,7,20.0,13000.0,1.0,1,502,73
CONDOMINIUM,ENTIRE HOME/APT,8,20.0,5966.0,2.0,1,504,176
ENTIRE COTTAGE,ENTIRE HOME/APT,3,20.0,5380.0,1.0,1,503,197
ROOM IN BOUTIQUE HOTEL,PRIVATE ROOM,5,20.0,3658.0,2.0,1,499,266
CABIN,ENTIRE HOME/APT,6,20.0,2130.0,3.0,1,501,390
HOUSE,ENTIRE HOME/APT,4,20.0,2024.0,2.0,1,500,405
HOTEL,HOTEL ROOM,5,19.0,4750.0,1.0,1,507,220
APARTMENT,PRIVATE ROOM,7,19.0,1045.0,1.0,1,508,532
PRIVATE ROOM IN BUS,PRIVATE ROOM,1,19.0,475.0,2.0,1,506,613
BARN,PRIVATE ROOM,1,19.0,304.0,1.0,1,505,643
HOUSE,PRIVATE ROOM,7,19.0,201.0,6.0,1,509,663
ROOM IN BOUTIQUE HOTEL,ENTIRE HOME/APT,2,18.0,4860.0,1.0,1,513,215
ENTIRE APARTMENT,ENTIRE HOME/APT,12,18.0,2826.0,1.0,1,510,328
ENTIRE CABIN,ENTIRE HOME/APT,2,18.0,2124.0,1.0,1,512,391
PRIVATE ROOM IN TREEHOUSE,PRIVATE ROOM,3,18.0,1710.0,1.0,1,511,435
VILLA,ENTIRE HOME/APT,14,17.0,30600.0,1.0,1,514,29
FARM STAY,ENTIRE HOME/APT,14,17.0,15538.0,1.0,1,516,58
ENTIRE HOUSE,ENTIRE HOME/APT,14,17.0,9214.0,1.0,1,520,104
BUNGALOW,ENTIRE HOME/APT,8,17.0,7453.0,2.0,1,521,147
ENTIRE GUESTHOUSE,ENTIRE HOME/APT,3,17.0,2040.0,1.0,1,518,401
HOSTEL,SHARED ROOM,16,17.0,408.0,1.0,1,517,627
SHARED ROOM IN HOSTEL,SHARED ROOM,4,17.0,374.0,1.0,1,515,633
APARTMENT,SHARED ROOM,3,17.0,100.5,4.0,1,519,700
ENTIRE HOME/APT,ENTIRE HOME/APT,9,16.0,96400.0,1.0,1,523,9
ENTIRE TOWNHOUSE,ENTIRE HOME/APT,13,16.0,6848.0,1.0,1,522,155
BOAT,ENTIRE HOME/APT,6,15.0,3497.0,5.0,1,528,279
APARTHOTEL,HOTEL ROOM,2,15.0,2398.67,3.0,1,524,367
ENTIRE APARTMENT,ENTIRE HOME/APT,8,15.0,2275.5,2.0,1,527,376
ENTIRE SERVICED APARTMENT,ENTIRE HOME/APT,5,15.0,1276.5,2.0,1,525,489
ROOM IN APARTHOTEL,HOTEL ROOM,2,15.0,1044.0,3.0,1,526,533
ENTIRE CABIN,ENTIRE HOME/APT,4,14.0,2604.0,1.0,1,530,341
ENTIRE HOUSE,ENTIRE HOME/APT,2,14.0,2478.0,1.0,1,532,351
ENTIRE BUNGALOW,ENTIRE HOME/APT,16,14.0,2100.0,2.0,1,535,396
ROOM IN BED AND BREAKFAST,HOTEL ROOM,3,14.0,1974.0,1.0,1,534,411
ROOM IN HOTEL,PRIVATE ROOM,1,14.0,798.0,1.0,1,533,565
BUS,PRIVATE ROOM,2,14.0,644.0,1.0,1,531,589
PRIVATE ROOM IN FARM STAY,PRIVATE ROOM,2,14.0,546.0,2.0,1,529,604
ENTIRE CONDOMINIUM,ENTIRE HOME/APT,8,13.0,9035.0,1.0,1,544,107
GUEST SUITE,ENTIRE HOME/APT,11,13.0,3900.0,1.0,1,540,259
VILLA,ENTIRE HOME/APT,3,13.0,2340.0,1.0,1,538,372
APARTHOTEL,ENTIRE HOME/APT,5,13.0,2054.0,1.0,1,539,399
ROOM IN SERVICED APARTMENT,HOTEL ROOM,6,13.0,2028.0,1.0,1,536,403
ENTIRE GUEST SUITE,ENTIRE HOME/APT,6,13.0,1196.0,1.0,1,542,507
OTHER,ENTIRE HOME/APT,2,13.0,1092.0,1.0,1,537,519
CONDOMINIUM,PRIVATE ROOM,4,13.0,913.8,5.0,1,541,546
PRIVATE ROOM IN SERVICED APARTMENT,PRIVATE ROOM,4,13.0,734.0,5.0,1,543,573
BARN,ENTIRE HOME/APT,6,12.0,7800.0,1.0,1,550,136
ENTIRE HOUSE,ENTIRE HOME/APT,9,12.0,4195.33,3.0,1,545,242
ENTIRE TOWNHOUSE,ENTIRE HOME/APT,16,12.0,2676.0,1.0,1,548,333
ROOM IN APARTHOTEL,ENTIRE HOME/APT,5,12.0,2486.0,3.0,1,547,349
TRAIN,ENTIRE HOME/APT,2,12.0,1800.0,1.0,1,551,427
BED AND BREAKFAST,PRIVATE ROOM,4,12.0,504.0,5.0,1,549,610
HOSTEL,HOTEL ROOM,2,12.0,178.0,6.0,1,546,668
GUESTHOUSE,ENTIRE HOME/APT,16,11.0,6589.0,1.0,1,556,166
ENTIRE HOUSE,ENTIRE HOME/APT,16,11.0,4400.0,1.0,1,554,235
TOWNHOUSE,ENTIRE HOME/APT,11,11.0,2178.0,1.0,1,559,385
PRIVATE ROOM IN ISLAND,PRIVATE ROOM,3,11.0,1485.0,1.0,1,557,464
ENTIRE HOME/APT,ENTIRE HOME/APT,5,11.0,1254.0,1.0,1,558,494
SHARED ROOM IN HOTEL,SHARED ROOM,8,11.0,704.0,1.0,1,553,577
FARM STAY,PRIVATE ROOM,4,11.0,620.0,2.0,1,555,592
PRIVATE ROOM IN GUEST SUITE,PRIVATE ROOM,4,11.0,107.0,5.0,1,552,697
ENTIRE VILLA,ENTIRE HOME/APT,14,10.0,30000.0,1.0,1,565,31
ISLAND,ENTIRE HOME/APT,6,10.0,6140.0,1.0,1,564,172
VILLA,ENTIRE HOME/APT,15,10.0,2200.0,1.0,1,561,383
ROOM IN HOSTEL,HOTEL ROOM,4,10.0,2020.0,1.0,1,562,406
PRIVATE ROOM IN BED AND BREAKFAST,PRIVATE ROOM,5,10.0,1390.0,1.0,1,563,474
HOTEL,HOTEL ROOM,4,10.0,1000.0,1.0,1,560,540
ENTIRE VILLA,ENTIRE HOME/APT,11,9.0,47700.0,1.0,1,568,19
ENTIRE GUESTHOUSE,ENTIRE HOME/APT,16,9.0,2475.0,1.0,1,566,352
SERVICED APARTMENT,HOTEL ROOM,3,9.0,1692.0,1.0,1,571,437
ENTIRE GUESTHOUSE,ENTIRE HOME/APT,6,9.0,1143.0,1.0,1,567,513
SERVICED APARTMENT,HOTEL ROOM,2,9.0,756.0,2.0,1,570,568
ENTIRE GUEST SUITE,ENTIRE HOME/APT,4,9.0,234.0,2.0,1,569,657
ENTIRE CABIN,ENTIRE HOME/APT,6,8.0,4232.0,1.0,1,585,240
BOUTIQUE HOTEL,HOTEL ROOM,3,8.0,4000.0,1.0,1,577,254
APARTHOTEL,HOTEL ROOM,4,8.0,4000.0,1.0,1,575,255
FARM STAY,ENTIRE HOME/APT,16,8.0,3368.0,1.0,1,583,285
COTTAGE,ENTIRE HOME/APT,16,8.0,3200.0,1.0,1,573,295
HOLIDAY PARK,ENTIRE HOME/APT,4,8.0,2768.0,1.0,1,581,330
APARTMENT,ENTIRE HOME/APT,16,8.0,2240.0,1.0,1,584,381
ROOM IN HOTEL,PRIVATE ROOM,12,8.0,1304.0,1.0,1,580,487
TOWNHOUSE,ENTIRE HOME/APT,15,8.0,1247.0,2.0,1,578,495
ENTIRE FLOOR,ENTIRE HOME/APT,2,8.0,1200.0,1.0,1,572,505
PRIVATE ROOM IN BED AND BREAKFAST,PRIVATE ROOM,6,8.0,900.0,2.0,1,574,548
HOLIDAY PARK,ENTIRE HOME/APT,1,8.0,568.0,1.0,1,579,600
CONDOMINIUM,SHARED ROOM,2,8.0,254.0,3.0,1,576,650
ROOM IN HOSTEL,HOTEL ROOM,2,8.0,167.5,4.0,1,582,671
HOUSE,ENTIRE HOME/APT,15,7.0,5600.0,1.0,1,597,185
ENTIRE BUNGALOW,ENTIRE HOME/APT,8,7.0,4592.0,1.0,1,608,227
ENTIRE CABIN,ENTIRE HOME/APT,8,7.0,2590.0,1.0,1,587,342
ENTIRE BUNGALOW,ENTIRE HOME/APT,12,7.0,2170.0,1.0,1,598,387
FARM STAY,ENTIRE HOME/APT,2,7.0,2100.0,1.0,1,604,393
CAMPSITE,ENTIRE HOME/APT,4,7.0,2100.0,1.0,1,603,392
TENT,ENTIRE HOME/APT,2,7.0,1960.0,1.0,1,586,414
TINY HOUSE,ENTIRE HOME/APT,5,7.0,1750.0,1.0,1,601,432
BED AND BREAKFAST,HOTEL ROOM,2,7.0,1449.0,1.0,1,591,468
PRIVATE ROOM IN TINY HOUSE,PRIVATE ROOM,1,7.0,1260.0,1.0,1,595,492
HOUSE,PRIVATE ROOM,3,7.0,1001.0,1.0,1,599,539
ENTIRE CONDOMINIUM,ENTIRE HOME/APT,2,7.0,973.0,1.0,1,590,542
PRIVATE ROOM IN COTTAGE,PRIVATE ROOM,3,7.0,630.0,1.0,1,607,591
CONDOMINIUM,ENTIRE HOME/APT,5,7.0,438.0,3.0,1,588,620
CAMPER/RV,PRIVATE ROOM,4,7.0,392.0,1.0,1,602,631
PRIVATE ROOM IN LOFT,PRIVATE ROOM,5,7.0,385.0,1.0,1,600,632
PRIVATE ROOM IN LOFT,PRIVATE ROOM,6,7.0,343.0,1.0,1,606,637
HOSTEL,HOTEL ROOM,4,7.0,311.5,2.0,1,589,641
HOTEL,PRIVATE ROOM,4,7.0,212.29,7.0,1,592,660
SHARED ROOM IN CONDOMINIUM,SHARED ROOM,1,7.0,210.0,1.0,1,596,661
CONDOMINIUM,SHARED ROOM,1,7.0,210.0,1.0,1,594,662
HOUSE,SHARED ROOM,4,7.0,154.0,3.0,1,605,680
SHARED ROOM IN HOUSE,SHARED ROOM,1,7.0,105.0,2.0,1,593,698
ROOM IN SERVICED APARTMENT,HOTEL ROOM,7,6.0,3570.0,1.0,1,613,273
GUEST SUITE,PRIVATE ROOM,6,6.0,1548.0,1.0,1,612,454
PRIVATE ROOM IN HOSTEL,PRIVATE ROOM,5,6.0,1080.0,1.0,1,615,523
BUNGALOW,ENTIRE HOME/APT,16,6.0,951.0,2.0,1,609,544
ENTIRE VILLA,ENTIRE HOME/APT,7,6.0,858.0,1.0,1,610,556
ENTIRE COTTAGE,ENTIRE HOME/APT,10,6.0,402.0,1.0,1,614,628
BUNGALOW,PRIVATE ROOM,3,6.0,147.0,2.0,1,611,688
ENTIRE SERVICED APARTMENT,ENTIRE HOME/APT,6,5.0,2480.0,1.0,1,618,350
ENTIRE HOUSE,ENTIRE HOME/APT,15,5.0,1800.0,1.0,1,622,425
ROOM IN HOTEL,PRIVATE ROOM,5,5.0,1075.0,1.0,1,620,525
GUEST SUITE,ENTIRE HOME/APT,10,5.0,600.0,1.0,1,621,595
PRIVATE ROOM IN HOUSE,PRIVATE ROOM,2,5.0,250.0,1.0,1,619,652
APARTHOTEL,PRIVATE ROOM,2,5.0,172.0,5.0,1,616,669
BARN,SHARED ROOM,2,5.0,80.0,1.0,1,617,710
ENTIRE VILLA,ENTIRE HOME/APT,15,4.0,10800.0,1.0,1,631,91
APARTMENT,ENTIRE HOME/APT,11,4.0,2320.0,1.0,1,634,374
ENTIRE SERVICED APARTMENT,ENTIRE HOME/APT,8,4.0,1916.0,1.0,1,626,418
ENTIRE SERVICED APARTMENT,ENTIRE HOME/APT,7,4.0,1024.0,1.0,1,628,535
HOTEL,PRIVATE ROOM,8,4.0,840.0,1.0,1,630,559
ROOM IN SERVICED APARTMENT,HOTEL ROOM,4,4.0,824.0,1.0,1,629,562
HOTEL,PRIVATE ROOM,6,4.0,680.0,1.0,1,624,580
CABIN,ENTIRE HOME/APT,7,4.0,640.0,1.0,1,623,590
HOTEL,PRIVATE ROOM,12,4.0,520.0,1.0,1,627,608
PRIVATE ROOM IN HOSTEL,PRIVATE ROOM,2,4.0,340.0,1.0,1,633,639
BUNGALOW,ENTIRE HOME/APT,3,4.0,304.0,1.0,1,625,644
PRIVATE ROOM IN FARM STAY,PRIVATE ROOM,4,4.0,135.33,3.0,1,632,692
VILLA,ENTIRE HOME/APT,16,3.0,5070.0,1.0,1,645,210
HOUSE,PRIVATE ROOM,10,3.0,4500.0,1.0,1,648,234
GUESTHOUSE,ENTIRE HOME/APT,8,3.0,3003.0,1.0,1,639,309
ENTIRE GUESTHOUSE,ENTIRE HOME/APT,8,3.0,2550.0,1.0,1,641,345
BOAT,ENTIRE HOME/APT,2,3.0,1560.0,1.0,1,640,453
BUNGALOW,ENTIRE HOME/APT,12,3.0,1440.0,1.0,1,646,469
ROOM IN BOUTIQUE HOTEL,HOTEL ROOM,6,3.0,1008.0,1.0,1,635,538
SERVICED APARTMENT,ENTIRE HOME/APT,7,3.0,932.33,3.0,1,647,545
PRIVATE ROOM IN GUEST SUITE,PRIVATE ROOM,6,3.0,654.0,1.0,1,637,586
ROOM IN APARTHOTEL,HOTEL ROOM,4,3.0,651.0,1.0,1,638,587
PRIVATE ROOM IN CONDOMINIUM,PRIVATE ROOM,3,3.0,597.0,1.0,1,650,597
ENTIRE GUEST SUITE,ENTIRE HOME/APT,10,3.0,447.0,1.0,1,642,618
ROOM IN BOUTIQUE HOTEL,PRIVATE ROOM,2,3.0,318.0,2.0,1,644,640
ROOM IN HOSTEL,HOTEL ROOM,3,3.0,276.0,1.0,1,643,648
SERVICED APARTMENT,PRIVATE ROOM,1,3.0,110.67,3.0,1,651,695
HOTEL,PRIVATE ROOM,1,3.0,95.0,3.0,1,636,703
HOSTEL,HOTEL ROOM,1,3.0,37.5,4.0,1,649,733
EARTH HOUSE,ENTIRE HOME/APT,8,2.0,2900.0,1.0,1,653,319
LOFT,ENTIRE HOME/APT,7,2.0,1072.0,1.0,1,654,527
ENTIRE LOFT,ENTIRE HOME/APT,7,2.0,1050.0,1.0,1,652,529
ENTIRE BUNGALOW,ENTIRE HOME/APT,9,2.0,800.0,2.0,1,655,564
ENTIRE TOWNHOUSE,ENTIRE HOME/APT,15,2.0,682.0,1.0,1,656,579
ENTIRE BUNGALOW,ENTIRE HOME/APT,6,2.0,580.0,1.0,1,657,598
LOFT,ENTIRE HOME/APT,8,2.0,440.0,1.0,1,658,619
FARM STAY,PRIVATE ROOM,2,2.0,400.0,1.0,1,659,629
CAMPER/RV,ENTIRE HOME/APT,4,2.0,360.0,1.0,1,660,635
FARM STAY,ENTIRE HOME/APT,6,2.0,300.0,1.0,1,661,645
PRIVATE ROOM IN YURT,PRIVATE ROOM,4,2.0,298.0,1.0,1,662,646
SERVICED APARTMENT,ENTIRE HOME/APT,5,2.0,279.8,5.0,1,663,647
ROOM IN SERVICED APARTMENT,HOTEL ROOM,3,2.0,270.0,2.0,1,664,649
GUESTHOUSE,ENTIRE HOME/APT,7,2.0,246.0,1.0,1,665,656
ROOM IN BOUTIQUE HOTEL,HOTEL ROOM,1,2.0,234.0,1.0,1,666,658
ROOM IN APARTHOTEL,PRIVATE ROOM,4,2.0,180.0,2.0,1,667,667
HOSTEL,PRIVATE ROOM,3,2.0,166.67,3.0,1,668,672
GUEST SUITE,SHARED ROOM,1,2.0,162.0,1.0,1,669,674
GUEST SUITE,ENTIRE HOME/APT,3,2.0,160.0,1.0,1,670,675
SHARED ROOM IN GUEST SUITE,SHARED ROOM,1,2.0,160.0,1.0,1,671,677
APARTHOTEL,PRIVATE ROOM,4,2.0,160.0,2.0,1,672,678
HOUSE,PRIVATE ROOM,12,2.0,154.0,1.0,1,673,681
ROOM IN APARTHOTEL,PRIVATE ROOM,3,2.0,149.0,2.0,1,674,686
APARTHOTEL,PRIVATE ROOM,3,2.0,140.0,2.0,1,675,690
TIPI,PRIVATE ROOM,3,2.0,98.0,1.0,1,676,702
EARTH HOUSE,PRIVATE ROOM,1,2.0,90.0,2.0,1,677,706
HOSTEL,PRIVATE ROOM,4,2.0,82.0,3.0,1,678,709
OTHER,PRIVATE ROOM,1,2.0,67.33,3.0,1,679,715
PRIVATE ROOM IN BED AND BREAKFAST,PRIVATE ROOM,16,2.0,60.0,2.0,1,680,718
SHARED ROOM IN BED AND BREAKFAST,SHARED ROOM,8,2.0,52.0,1.0,1,681,724
VILLA,PRIVATE ROOM,4,2.0,49.75,4.0,1,682,728
SHARED ROOM IN APARTMENT,SHARED ROOM,3,2.0,41.5,2.0,1,683,730
ENTIRE VILLA,ENTIRE HOME/APT,13,1.0,1500.0,2.0,1,708,457
PRIVATE ROOM IN FARM STAY,PRIVATE ROOM,6,1.0,656.0,1.0,1,701,585
CASTLE,ENTIRE HOME/APT,10,1.0,600.0,1.0,1,698,594
SERVICED APARTMENT,HOTEL ROOM,4,1.0,500.0,1.0,1,696,611
CAVE,ENTIRE HOME/APT,4,1.0,370.0,1.0,1,695,634
OTHER,ENTIRE HOME/APT,5,1.0,350.0,1.0,1,733,636
SHARED ROOM IN CAVE,SHARED ROOM,1,1.0,250.0,1.0,1,724,654
YURT,PRIVATE ROOM,2,1.0,250.0,1.0,1,704,653
TINY HOUSE,SHARED ROOM,4,1.0,250.0,1.0,1,716,651
APARTMENT,ENTIRE HOME/APT,13,1.0,249.0,1.0,1,741,655
ROOM IN HOSTEL,HOTEL ROOM,5,1.0,194.0,1.0,1,732,664
BOUTIQUE HOTEL,HOTEL ROOM,6,1.0,189.0,1.0,1,730,665
PRIVATE ROOM IN TENT,PRIVATE ROOM,6,1.0,184.0,1.0,1,729,666
SHARED ROOM IN GUEST SUITE,SHARED ROOM,4,1.0,170.0,1.0,1,731,670
TINY HOUSE,SHARED ROOM,5,1.0,165.0,1.0,1,734,673
PRIVATE ROOM IN APARTMENT,PRIVATE ROOM,8,1.0,160.0,1.0,1,737,676
PRIVATE ROOM IN APARTMENT,PRIVATE ROOM,9,1.0,160.0,1.0,1,740,679
GUEST SUITE,SHARED ROOM,4,1.0,150.0,1.0,1,743,682
ENTIRE BUNGALOW,ENTIRE HOME/APT,1,1.0,150.0,1.0,1,707,685
BUNGALOW,ENTIRE HOME/APT,1,1.0,150.0,1.0,1,744,683
ROOM IN BOUTIQUE HOTEL,HOTEL ROOM,2,1.0,148.0,1.0,1,700,687
ROOM IN HOTEL,HOTEL ROOM,3,1.0,147.0,1.0,1,706,689
HOSTEL,HOTEL ROOM,3,1.0,139.0,1.0,1,713,691
ENTIRE SERVICED APARTMENT,ENTIRE HOME/APT,1,1.0,128.0,1.0,1,722,693
GUEST SUITE,ENTIRE HOME/APT,7,1.0,119.0,1.0,1,727,694
SHARED ROOM IN EARTH HOUSE,SHARED ROOM,1,1.0,107.0,1.0,1,738,696
EARTH HOUSE,SHARED ROOM,1,1.0,101.0,1.0,1,697,699
HOUSE,SHARED ROOM,3,1.0,100.0,1.0,1,699,701
BOUTIQUE HOTEL,PRIVATE ROOM,5,1.0,94.0,2.0,1,702,704
PRIVATE ROOM IN TENT,PRIVATE ROOM,4,1.0,91.0,1.0,1,703,705
SHARED ROOM IN VILLA,SHARED ROOM,4,1.0,87.0,1.0,1,705,707
HOTEL,HOTEL ROOM,3,1.0,78.5,2.0,1,709,711
HOTEL,PRIVATE ROOM,16,1.0,72.0,2.0,1,710,712
TENT,PRIVATE ROOM,4,1.0,71.0,1.0,1,711,713
BUNGALOW,PRIVATE ROOM,5,1.0,70.0,1.0,1,712,714
BED AND BREAKFAST,SHARED ROOM,10,1.0,65.0,1.0,1,714,716
SHARED ROOM IN BED AND BREAKFAST,SHARED ROOM,10,1.0,65.0,1.0,1,715,717
PRIVATE ROOM IN BUNGALOW,PRIVATE ROOM,5,1.0,60.0,1.0,1,717,719
VILLA,SHARED ROOM,6,1.0,59.0,1.0,1,718,720
PRIVATE ROOM IN CHALET,PRIVATE ROOM,2,1.0,55.0,1.0,1,720,722
PRIVATE ROOM IN HOSTEL,PRIVATE ROOM,1,1.0,55.0,1.0,1,719,721
PRIVATE ROOM,PRIVATE ROOM,1,1.0,53.0,1.0,1,721,723
ROOM IN HOTEL,HOTEL ROOM,1,1.0,51.0,1.0,1,723,725
VILLA,SHARED ROOM,4,1.0,50.0,1.0,1,726,727
TOWNHOUSE,PRIVATE ROOM,5,1.0,50.0,2.0,1,725,726
PRIVATE ROOM IN TENT,PRIVATE ROOM,2,1.0,43.33,3.0,1,728,729
SHARED ROOM IN TOWNHOUSE,SHARED ROOM,1,1.0,41.0,1.0,1,735,731
PRIVATE ROOM IN CAMPER/RV,PRIVATE ROOM,2,1.0,40.0,1.0,1,736,732
APARTMENT,SHARED ROOM,4,1.0,30.33,3.0,1,739,734
SHARED ROOM IN HOUSE,SHARED ROOM,9,1.0,30.0,1.0,1,684,736
GUEST SUITE,SHARED ROOM,2,1.0,30.0,1.0,1,742,735
SHARED ROOM IN HOUSE,SHARED ROOM,6,1.0,28.0,1.0,1,685,737
HOUSE,SHARED ROOM,16,1.0,27.0,1.0,1,686,738
SHARED ROOM IN VILLA,SHARED ROOM,1,1.0,25.0,1.0,1,687,739
GUESTHOUSE,SHARED ROOM,2,1.0,24.0,1.0,1,689,741
HOUSE,SHARED ROOM,9,1.0,24.0,1.0,1,688,740
HOSTEL,SHARED ROOM,5,1.0,18.0,2.0,1,690,742
TOWNHOUSE,SHARED ROOM,1,1.0,17.5,2.0,1,691,743
GUESTHOUSE,PRIVATE ROOM,4,1.0,11.43,7.0,1,692,744
HOSTEL,SHARED ROOM,4,1.0,6.17,6.0,1,693,745
HOSTEL,SHARED ROOM,2,1.0,5.71,7.0,1,694,746
PRIVATE ROOM IN TOWNHOUSE,PRIVATE ROOM,6,0.0,,0.0,1,798,2
PRIVATE ROOM IN VILLA,PRIVATE ROOM,7,0.0,,0.0,1,791,1
PRIVATE ROOM IN HOSTEL,PRIVATE ROOM,16,0.0,0.0,1.0,1,747,797
PRIVATE ROOM IN HOSTEL,PRIVATE ROOM,6,0.0,0.0,1.0,1,748,798
PRIVATE ROOM IN HOUSE,PRIVATE ROOM,11,0.0,0.0,1.0,1,749,799
PRIVATE ROOM IN HOUSE,PRIVATE ROOM,12,0.0,0.0,1.0,1,750,800
PRIVATE ROOM IN HOUSE,PRIVATE ROOM,6,0.0,0.0,1.0,1,751,801
PRIVATE ROOM IN HOUSE,PRIVATE ROOM,9,0.0,0.0,1.0,1,752,802
PRIVATE ROOM IN ISLAND,PRIVATE ROOM,4,0.0,0.0,1.0,1,753,803
PRIVATE ROOM IN TOWNHOUSE,PRIVATE ROOM,5,0.0,0.0,1.0,1,754,804
PRIVATE ROOM IN VILLA,PRIVATE ROOM,5,0.0,0.0,1.0,1,755,805
PRIVATE ROOM IN VILLA,PRIVATE ROOM,6,0.0,0.0,1.0,1,756,806
ROOM IN APARTHOTEL,ENTIRE HOME/APT,2,0.0,0.0,1.0,1,757,807
ROOM IN BED AND BREAKFAST,HOTEL ROOM,1,0.0,0.0,1.0,1,758,808
ROOM IN BED AND BREAKFAST,HOTEL ROOM,4,0.0,0.0,1.0,1,759,809
ROOM IN HERITAGE HOTEL (INDIA),HOTEL ROOM,2,0.0,0.0,1.0,1,760,810
ROOM IN HOTEL,PRIVATE ROOM,3,0.0,0.0,1.0,1,761,811
ROOM IN HOTEL,PRIVATE ROOM,6,0.0,0.0,1.0,1,762,812
ROOM IN HOTEL,PRIVATE ROOM,8,0.0,0.0,1.0,1,763,813
ROOM IN SERVICED APARTMENT,HOTEL ROOM,1,0.0,0.0,1.0,1,764,814
SERVICED APARTMENT,ENTIRE HOME/APT,9,0.0,0.0,1.0,1,765,815
SERVICED APARTMENT,HOTEL ROOM,1,0.0,0.0,1.0,1,766,816
SERVICED APARTMENT,HOTEL ROOM,8,0.0,0.0,1.0,1,767,817
SERVICED APARTMENT,SHARED ROOM,1,0.0,0.0,1.0,1,768,818
SERVICED APARTMENT,SHARED ROOM,2,0.0,0.0,1.0,1,769,819
SHARED ROOM IN APARTMENT,SHARED ROOM,13,0.0,0.0,1.0,1,770,820
SHARED ROOM IN BED AND BREAKFAST,SHARED ROOM,6,0.0,0.0,1.0,1,771,821
SHARED ROOM IN CONDOMINIUM,SHARED ROOM,4,0.0,0.0,1.0,1,772,822
SHARED ROOM IN FARM STAY,SHARED ROOM,1,0.0,0.0,1.0,1,773,823
SHARED ROOM IN HOSTEL,SHARED ROOM,1,0.0,0.0,1.0,1,774,824
SHARED ROOM IN HOSTEL,SHARED ROOM,10,0.0,0.0,1.0,1,775,825
SHARED ROOM IN HOSTEL,SHARED ROOM,16,0.0,0.0,1.0,1,776,827
SHARED ROOM IN HOSTEL,SHARED ROOM,6,0.0,0.0,1.0,1,777,828
SHARED ROOM IN HOUSE,SHARED ROOM,16,0.0,0.0,1.0,1,778,829
SHARED ROOM IN HOUSE,SHARED ROOM,8,0.0,0.0,1.0,1,779,830
SHARED ROOM IN SERVICED APARTMENT,SHARED ROOM,1,0.0,0.0,1.0,1,780,831
SHARED ROOM IN SERVICED APARTMENT,SHARED ROOM,2,0.0,0.0,1.0,1,781,832
SHARED ROOM IN TOWNHOUSE,SHARED ROOM,6,0.0,0.0,1.0,1,782,833
SHARED ROOM IN VILLA,SHARED ROOM,2,0.0,0.0,1.0,1,783,834
TENT,PRIVATE ROOM,2,0.0,0.0,1.0,1,784,835
TINY HOUSE,PRIVATE ROOM,1,0.0,0.0,1.0,1,785,836
SHARED ROOM IN HOSTEL,SHARED ROOM,12,0.0,0.0,1.0,1,786,826
TINY HOUSE,PRIVATE ROOM,3,0.0,0.0,1.0,1,787,837
TOWNHOUSE,SHARED ROOM,4,0.0,0.0,1.0,1,788,838
TOWNHOUSE,SHARED ROOM,6,0.0,0.0,1.0,1,789,839
TRAIN,PRIVATE ROOM,4,0.0,0.0,1.0,1,790,840
VILLA,ENTIRE HOME/APT,13,0.0,0.0,1.0,1,792,841
VILLA,PRIVATE ROOM,3,0.0,0.0,2.0,1,793,842
VILLA,PRIVATE ROOM,5,0.0,0.0,1.0,1,794,843
VILLA,PRIVATE ROOM,6,0.0,0.0,1.0,1,795,844
VILLA,PRIVATE ROOM,7,0.0,0.0,1.0,1,796,845
VILLA,SHARED ROOM,2,0.0,0.0,1.0,1,797,846
PRIVATE ROOM IN BUNGALOW,PRIVATE ROOM,4,0.0,0.0,1.0,1,799,747
APARTMENT,SHARED ROOM,5,0.0,0.0,1.0,1,800,748
BED AND BREAKFAST,HOTEL ROOM,1,0.0,0.0,1.0,1,801,749
BED AND BREAKFAST,HOTEL ROOM,4,0.0,0.0,1.0,1,802,750
BED AND BREAKFAST,PRIVATE ROOM,5,0.0,0.0,1.0,1,803,751
BED AND BREAKFAST,PRIVATE ROOM,6,0.0,0.0,1.0,1,804,752
BED AND BREAKFAST,SHARED ROOM,1,0.0,0.0,1.0,1,805,753
BED AND BREAKFAST,SHARED ROOM,4,0.0,0.0,1.0,1,806,754
BED AND BREAKFAST,SHARED ROOM,6,0.0,0.0,1.0,1,807,755
BED AND BREAKFAST,SHARED ROOM,8,0.0,0.0,1.0,1,808,756
PRIVATE ROOM IN GUESTHOUSE,PRIVATE ROOM,6,0.0,0.0,1.0,1,745,795
BOAT,ENTIRE HOME/APT,5,0.0,0.0,1.0,1,809,757
PRIVATE ROOM IN GUEST SUITE,PRIVATE ROOM,16,0.0,0.0,1.0,1,746,796
BOUTIQUE HOTEL,ENTIRE HOME/APT,2,0.0,0.0,1.0,1,810,758
BUNGALOW,ENTIRE HOME/APT,10,0.0,0.0,1.0,1,811,759
BUNGALOW,PRIVATE ROOM,2,0.0,0.0,1.0,1,812,760
BUNGALOW,PRIVATE ROOM,4,0.0,0.0,1.0,1,813,761
BUS,ENTIRE HOME/APT,4,0.0,0.0,1.0,1,814,762
CAMPER/RV,ENTIRE HOME/APT,2,0.0,0.0,1.0,1,815,763
CAMPER/RV,ENTIRE HOME/APT,7,0.0,0.0,2.0,1,816,764
CAMPSITE,ENTIRE HOME/APT,16,0.0,0.0,1.0,1,817,765
CAVE,ENTIRE HOME/APT,1,0.0,0.0,1.0,1,818,766
CONDOMINIUM,ENTIRE HOME/APT,10,0.0,0.0,1.0,1,819,767
CONDOMINIUM,SHARED ROOM,4,0.0,0.0,2.0,1,820,768
COTTAGE,ENTIRE HOME/APT,1,0.0,0.0,1.0,1,821,769
ENTIRE APARTMENT,ENTIRE HOME/APT,14,0.0,0.0,1.0,1,822,770
ENTIRE BUNGALOW,ENTIRE HOME/APT,10,0.0,0.0,1.0,1,823,771
ENTIRE COTTAGE,ENTIRE HOME/APT,1,0.0,0.0,1.0,1,824,772
ENTIRE GUESTHOUSE,ENTIRE HOME/APT,1,0.0,0.0,2.0,1,825,773
FARM STAY,SHARED ROOM,1,0.0,0.0,1.0,1,826,774
GUESTHOUSE,SHARED ROOM,12,0.0,0.0,1.0,1,827,775
GUESTHOUSE,SHARED ROOM,4,0.0,0.0,1.0,1,828,776
HERITAGE HOTEL (INDIA),HOTEL ROOM,2,0.0,0.0,1.0,1,829,777
HOSTEL,HOTEL ROOM,5,0.0,0.0,1.0,1,830,778
HOSTEL,SHARED ROOM,3,0.0,0.0,1.0,1,831,779
HOSTEL,SHARED ROOM,6,0.0,0.0,4.0,1,832,780
HOSTEL,SHARED ROOM,8,0.0,0.0,6.0,1,833,781
HOTEL,PRIVATE ROOM,3,0.0,0.0,1.0,1,834,782
HOTEL,PRIVATE ROOM,5,0.0,0.0,1.0,1,835,783
HOUSE,PRIVATE ROOM,11,0.0,0.0,1.0,1,836,784
HOUSE,PRIVATE ROOM,8,0.0,0.0,1.0,1,837,785
HOUSE,PRIVATE ROOM,9,0.0,0.0,1.0,1,838,786
HOUSE,SHARED ROOM,1,0.0,0.0,4.0,1,839,787
LOFT,PRIVATE ROOM,3,0.0,0.0,1.0,1,840,788
OTHER,PRIVATE ROOM,2,0.0,0.0,1.0,1,841,789
PRIVATE ROOM IN BED AND BREAKFAST,PRIVATE ROOM,4,0.0,0.0,1.0,1,842,790
PRIVATE ROOM IN BOAT,PRIVATE ROOM,2,0.0,0.0,1.0,1,843,791
APARTHOTEL,ENTIRE HOME/APT,2,0.0,0.0,1.0,1,844,792
PRIVATE ROOM IN CABIN,PRIVATE ROOM,1,0.0,0.0,1.0,1,845,793
PRIVATE ROOM IN DOME HOUSE,PRIVATE ROOM,1,0.0,0.0,1.0,1,846,794
